{
	"credit": "Made with Blockbench",
	"parent": "minecraft:block/cube",
	"textures": {
		"particle": "block/crafting_table_front",
		"north": "block/crafting_table_front",
		"south": "block/crafting_table_side",
		"up": "block/crafting_table_top",
		"down": "block/oak_planks"
	},
	"elements": [
		{
			"from": [0, 0, 0],
			"to": [16, 16, 16],
			"faces": {
				"north": {"uv": [0, 0, 16, 16], "texture": "#north"},
				"east": {"uv": [0, 0, 16, 16], "texture": "#south"},
				"south": {"uv": [0, 0, 16, 16], "texture": "#north"},
				"west": {"uv": [0, 0, 16, 16], "texture": "#south"},
				"up": {"uv": [0, 0, 16, 16], "texture": "#up"},
				"down": {"uv": [0, 0, 16, 16], "texture": "#down"}
			}
		},
		{
			"from": [3, 16, 3],
			"to": [12, 16.3, 4],
			"rotation": {"angle": 0, "axis": "y", "origin": [11, 24, 11]},
			"faces": {
				"north": {"uv": [3, 3, 12, 4], "texture": "#up"},
				"east": {"uv": [3, 3, 12, 4], "texture": "#up"},
				"south": {"uv": [3, 3, 12, 4], "texture": "#up"},
				"west": {"uv": [3, 3, 4, 4], "texture": "#up"},
				"up": {"uv": [3, 3, 12, 4], "texture": "#up"},
				"down": {"uv": [3, 3, 12, 4], "texture": "#up"}
			}
		},
		{
			"from": [4, 16, 12],
			"to": [13, 16.3, 13],
			"rotation": {"angle": 0, "axis": "y", "origin": [12, 24, 20]},
			"faces": {
				"north": {"uv": [4, 12, 13, 13], "texture": "#up"},
				"east": {"uv": [12, 12, 13, 13], "texture": "#up"},
				"south": {"uv": [4, 12, 13, 13], "texture": "#up"},
				"west": {"uv": [4, 12, 13, 13], "texture": "#up"},
				"up": {"uv": [4, 12, 13, 13], "texture": "#up"},
				"down": {"uv": [4, 12, 13, 13], "texture": "#up"}
			}
		},
		{
			"from": [12, 16, 3],
			"to": [13, 16.3, 12],
			"rotation": {"angle": 0, "axis": "y", "origin": [5, 24, 11]},
			"faces": {
				"north": {"uv": [12, 3, 13, 4], "texture": "#up"},
				"east": {"uv": [12, 3, 13, 12], "texture": "#up"},
				"south": {"uv": [12, 3, 13, 12], "texture": "#up"},
				"west": {"uv": [12, 3, 13, 12], "texture": "#up"},
				"up": {"uv": [12, 3, 13, 12], "texture": "#up"},
				"down": {"uv": [12, 3, 13, 12], "texture": "#up"}
			}
		},
		{
			"from": [3, 16, 4],
			"to": [4, 16.3, 13],
			"rotation": {"angle": 0, "axis": "y", "origin": [11, 24, 20]},
			"faces": {
				"north": {"uv": [3, 4, 4, 13], "texture": "#up"},
				"east": {"uv": [3, 4, 4, 13], "texture": "#up"},
				"south": {"uv": [3, 12, 4, 13], "texture": "#up"},
				"west": {"uv": [6, 12, 13, 13], "texture": "#up"},
				"up": {"uv": [3, 4, 4, 13], "texture": "#up"},
				"down": {"uv": [3, 4, 4, 13], "texture": "#up"}
			}
		},
		{
			"from": [4, 16, 6],
			"to": [12, 16.3, 7],
			"rotation": {"angle": 0, "axis": "y", "origin": [12, 24, 14]},
			"faces": {
				"north": {"uv": [4, 6, 12, 7], "texture": "#up"},
				"east": {"uv": [4, 6, 12, 7], "texture": "#up"},
				"south": {"uv": [4, 6, 12, 7], "texture": "#up"},
				"west": {"uv": [4, 6, 12, 7], "texture": "#up"},
				"up": {"uv": [4, 6, 12, 7], "texture": "#up"},
				"down": {"uv": [4, 6, 12, 7], "texture": "#up"}
			}
		},
		{
			"from": [4, 16, 9],
			"to": [12, 16.3, 10],
			"rotation": {"angle": 0, "axis": "y", "origin": [12, 24, 17]},
			"faces": {
				"north": {"uv": [4, 9, 12, 10], "texture": "#up"},
				"east": {"uv": [4, 9, 12, 10], "texture": "#up"},
				"south": {"uv": [4, 9, 12, 10], "texture": "#up"},
				"west": {"uv": [4, 9, 12, 10], "texture": "#up"},
				"up": {"uv": [4, 9, 12, 10], "texture": "#up"},
				"down": {"uv": [4, 9, 12, 10], "texture": "#up"}
			}
		},
		{
			"from": [6, 16, 4],
			"to": [7, 16.3, 6],
			"rotation": {"angle": 0, "axis": "y", "origin": [14, 24, 12]},
			"faces": {
				"north": {"uv": [6, 4, 7, 6], "texture": "#up"},
				"east": {"uv": [6, 4, 7, 6], "texture": "#up"},
				"south": {"uv": [6, 4, 7, 6], "texture": "#up"},
				"west": {"uv": [6, 4, 7, 6], "texture": "#up"},
				"up": {"uv": [6, 4, 7, 6], "texture": "#up"},
				"down": {"uv": [6, 4, 7, 6], "texture": "#up"}
			}
		},
		{
			"from": [9, 16, 4],
			"to": [10, 16.3, 6],
			"rotation": {"angle": 0, "axis": "y", "origin": [17, 24, 12]},
			"faces": {
				"north": {"uv": [9, 4, 10, 6], "texture": "#up"},
				"east": {"uv": [9, 4, 10, 6], "texture": "#up"},
				"south": {"uv": [9, 4, 10, 6], "texture": "#up"},
				"west": {"uv": [9, 4, 10, 6], "texture": "#up"},
				"up": {"uv": [9, 4, 10, 6], "texture": "#up"},
				"down": {"uv": [9, 4, 10, 6], "texture": "#up"}
			}
		},
		{
			"from": [9, 16, 7],
			"to": [10, 16.3, 9],
			"rotation": {"angle": 0, "axis": "y", "origin": [17, 24, 15]},
			"faces": {
				"north": {"uv": [9, 7, 10, 9], "texture": "#up"},
				"east": {"uv": [9, 7, 10, 9], "texture": "#up"},
				"south": {"uv": [9, 7, 10, 9], "texture": "#up"},
				"west": {"uv": [9, 7, 10, 9], "texture": "#up"},
				"up": {"uv": [9, 7, 10, 9], "texture": "#up"},
				"down": {"uv": [9, 7, 10, 9], "texture": "#up"}
			}
		},
		{
			"from": [9, 16, 10],
			"to": [10, 16.3, 12],
			"rotation": {"angle": 0, "axis": "y", "origin": [17, 24, 18]},
			"faces": {
				"north": {"uv": [9, 10, 10, 12], "texture": "#up"},
				"east": {"uv": [9, 10, 10, 12], "texture": "#up"},
				"south": {"uv": [9, 10, 10, 12], "texture": "#up"},
				"west": {"uv": [9, 10, 10, 12], "texture": "#up"},
				"up": {"uv": [9, 10, 10, 12], "texture": "#up"},
				"down": {"uv": [9, 10, 10, 12], "texture": "#up"}
			}
		},
		{
			"from": [6, 16, 10],
			"to": [7, 16.3, 12],
			"rotation": {"angle": 0, "axis": "y", "origin": [14, 24, 18]},
			"faces": {
				"north": {"uv": [6, 10, 7, 12], "texture": "#up"},
				"east": {"uv": [6, 10, 7, 12], "texture": "#up"},
				"south": {"uv": [6, 10, 7, 12], "texture": "#up"},
				"west": {"uv": [6, 10, 7, 12], "texture": "#up"},
				"up": {"uv": [6, 10, 7, 12], "texture": "#up"},
				"down": {"uv": [6, 10, 7, 12], "texture": "#up"}
			}
		},
		{
			"from": [6, 16, 7],
			"to": [7, 16.3, 9],
			"rotation": {"angle": 0, "axis": "y", "origin": [14, 24, 15]},
			"faces": {
				"north": {"uv": [6, 7, 7, 9], "texture": "#up"},
				"east": {"uv": [6, 7, 7, 9], "texture": "#up"},
				"south": {"uv": [6, 7, 7, 9], "texture": "#up"},
				"west": {"uv": [6, 7, 7, 9], "texture": "#up"},
				"up": {"uv": [6, 7, 7, 9], "texture": "#up"},
				"down": {"uv": [6, 7, 7, 9], "texture": "#up"}
			}
		},
		{
			"from": [2, 5, 16],
			"to": [5, 7, 16.5],
			"rotation": {"angle": 0, "axis": "y", "origin": [10, 13, 24]},
			"faces": {
				"north": {"uv": [2, 9, 5, 11], "texture": "#north"},
				"east": {"uv": [4, 9, 5, 11], "texture": "#north"},
				"south": {"uv": [2, 9, 5, 11], "texture": "#north"},
				"west": {"uv": [2, 9, 3, 11], "texture": "#north"},
				"up": {"uv": [2, 9, 5, 10], "texture": "#north"},
				"down": {"uv": [2, 10, 5, 11], "texture": "#north"}
			}
		},
		{
			"from": [3, 7, 16],
			"to": [4, 11, 16.5],
			"rotation": {"angle": 0, "axis": "y", "origin": [11, 15, 24]},
			"faces": {
				"north": {"uv": [3, 5, 4, 9], "texture": "#north"},
				"east": {"uv": [3, 5, 4, 9], "texture": "#north"},
				"south": {"uv": [3, 5, 4, 9], "texture": "#north"},
				"west": {"uv": [3, 5, 4, 9], "texture": "#north"},
				"up": {"uv": [3, 5, 4, 6], "texture": "#north"},
				"down": {"uv": [3, 8, 4, 9], "texture": "#north"}
			}
		},
		{
			"from": [11, 5, -0.5],
			"to": [14, 7, 0],
			"rotation": {"angle": 0, "axis": "y", "origin": [19, 13, 8]},
			"faces": {
				"north": {"uv": [2, 9, 5, 11], "texture": "#north"},
				"east": {"uv": [4, 9, 5, 11], "texture": "#north"},
				"south": {"uv": [2, 9, 5, 11], "texture": "#north"},
				"west": {"uv": [2, 9, 3, 11], "texture": "#north"},
				"up": {"uv": [2, 9, 5, 10], "texture": "#north"},
				"down": {"uv": [2, 10, 5, 11], "texture": "#north"}
			}
		},
		{
			"from": [12, 7, -0.5],
			"to": [13, 11, 0],
			"rotation": {"angle": 0, "axis": "y", "origin": [20, 15, 8]},
			"faces": {
				"north": {"uv": [3, 5, 4, 9], "texture": "#north"},
				"east": {"uv": [3, 5, 4, 9], "texture": "#north"},
				"south": {"uv": [3, 5, 4, 9], "texture": "#north"},
				"west": {"uv": [3, 5, 4, 9], "texture": "#north"},
				"up": {"uv": [3, 5, 4, 6], "texture": "#north"},
				"down": {"uv": [3, 8, 4, 9], "texture": "#north"}
			}
		},
		{
			"from": [4, 7, -0.5],
			"to": [5, 10, 0],
			"rotation": {"angle": 0, "axis": "y", "origin": [12, 17, 7]},
			"faces": {
				"north": {"uv": [11, 6, 12, 9], "texture": "#north"},
				"east": {"uv": [11, 6, 12, 9], "texture": "#north"},
				"south": {"uv": [11, 6, 12, 9], "texture": "#north"},
				"west": {"uv": [11, 6, 12, 9], "texture": "#north"},
				"up": {"uv": [11, 6, 12, 7], "texture": "#north"},
				"down": {"uv": [11, 8, 12, 9], "texture": "#north"}
			}
		},
		{
			"from": [3, 5, -0.5],
			"to": [4, 10, 0],
			"rotation": {"angle": 0, "axis": "y", "origin": [11, 17, 7]},
			"faces": {
				"north": {"uv": [12, 6, 13, 11], "texture": "#north"},
				"east": {"uv": [0, 0, 1, 5], "texture": "#missing"},
				"south": {"uv": [12, 6, 13, 11], "texture": "#north"},
				"west": {"uv": [0, 0, 1, 5], "texture": "#missing"},
				"up": {"uv": [12, 6, 13, 7], "texture": "#north"},
				"down": {"uv": [12, 10, 13, 11], "texture": "#north"}
			}
		},
		{
			"from": [2, 3, -0.5],
			"to": [3, 10, 0],
			"rotation": {"angle": 0, "axis": "y", "origin": [10, 17, 7]},
			"faces": {
				"north": {"uv": [13, 6, 14, 13], "texture": "#north"},
				"east": {"uv": [13, 6, 14, 13], "texture": "#north"},
				"south": {"uv": [13, 6, 14, 13], "texture": "#north"},
				"west": {"uv": [13, 6, 14, 13], "texture": "#north"},
				"up": {"uv": [13, 6, 14, 7], "texture": "#north"},
				"down": {"uv": [13, 12, 14, 13], "texture": "#north"}
			}
		},
		{
			"from": [2, 10, -0.5],
			"to": [4, 11, 0],
			"rotation": {"angle": 0, "axis": "y", "origin": [10, 18, 7]},
			"faces": {
				"north": {"uv": [12, 5, 14, 6], "texture": "#north"},
				"east": {"uv": [12, 5, 13, 6], "texture": "#north"},
				"south": {"uv": [12, 5, 14, 6], "texture": "#north"},
				"west": {"uv": [13, 5, 14, 6], "texture": "#north"},
				"up": {"uv": [12, 5, 14, 6], "texture": "#north"},
				"down": {"uv": [0, 0, 2, 1], "texture": "#missing"}
			}
		},
		{
			"from": [3, 12, -0.5],
			"to": [5, 13, 0],
			"rotation": {"angle": 0, "axis": "y", "origin": [11, 20, 7]},
			"faces": {
				"north": {"uv": [11, 3, 13, 4], "texture": "#north"},
				"east": {"uv": [11, 3, 12, 4], "texture": "#north"},
				"south": {"uv": [11, 3, 13, 4], "texture": "#north"},
				"west": {"uv": [12, 3, 13, 4], "texture": "#north"},
				"up": {"uv": [11, 3, 13, 4], "texture": "#north"},
				"down": {"uv": [11, 3, 13, 4], "texture": "#north"}
			}
		},
		{
			"from": [2, 11, -0.5],
			"to": [3, 13, 0],
			"rotation": {"angle": 0, "axis": "y", "origin": [10, 20, 7]},
			"faces": {
				"north": {"uv": [13, 3, 14, 5], "texture": "#north"},
				"east": {"uv": [13, 3, 14, 5], "texture": "#north"},
				"south": {"uv": [13, 3, 14, 5], "texture": "#north"},
				"west": {"uv": [13, 3, 14, 5], "texture": "#north"},
				"up": {"uv": [13, 3, 14, 4], "texture": "#north"},
				"down": {"uv": [13, 4, 14, 5], "texture": "#north"}
			}
		},
		{
			"from": [4, 10, -0.5],
			"to": [5, 12, 0],
			"rotation": {"angle": 0, "axis": "y", "origin": [12, 19, 7]},
			"faces": {
				"north": {"uv": [11, 4, 12, 6], "texture": "#north"},
				"east": {"uv": [11, 4, 12, 6], "texture": "#north"},
				"south": {"uv": [11, 4, 12, 6], "texture": "#north"},
				"west": {"uv": [11, 4, 12, 6], "texture": "#north"},
				"up": {"uv": [11, 4, 12, 5], "texture": "#north"},
				"down": {"uv": [11, 5, 12, 6], "texture": "#north"}
			}
		},
		{
			"from": [11, 7, 16],
			"to": [12, 10, 16.5],
			"rotation": {"angle": 0, "axis": "y", "origin": [12, 7, 17]},
			"faces": {
				"north": {"uv": [11, 6, 12, 9], "texture": "#north"},
				"east": {"uv": [11, 6, 12, 9], "texture": "#north"},
				"south": {"uv": [11, 6, 12, 9], "texture": "#north"},
				"west": {"uv": [11, 6, 12, 9], "texture": "#north"},
				"up": {"uv": [11, 6, 12, 7], "rotation": 180, "texture": "#north"},
				"down": {"uv": [11, 8, 12, 9], "rotation": 180, "texture": "#north"}
			}
		},
		{
			"from": [12, 5, 16],
			"to": [13, 10, 16.5],
			"rotation": {"angle": 0, "axis": "y", "origin": [12, 7, 17]},
			"faces": {
				"north": {"uv": [12, 6, 13, 11], "texture": "#north"},
				"east": {"uv": [0, 0, 1, 5], "texture": "#missing"},
				"south": {"uv": [12, 6, 13, 11], "texture": "#north"},
				"west": {"uv": [0, 0, 1, 5], "texture": "#missing"},
				"up": {"uv": [12, 6, 13, 7], "rotation": 180, "texture": "#north"},
				"down": {"uv": [12, 10, 13, 11], "rotation": 180, "texture": "#north"}
			}
		},
		{
			"from": [13, 3, 16],
			"to": [14, 10, 16.5],
			"rotation": {"angle": 0, "axis": "y", "origin": [12, 7, 17]},
			"faces": {
				"north": {"uv": [13, 6, 14, 13], "texture": "#north"},
				"east": {"uv": [13, 6, 14, 13], "texture": "#north"},
				"south": {"uv": [13, 6, 14, 13], "texture": "#north"},
				"west": {"uv": [13, 6, 14, 13], "texture": "#north"},
				"up": {"uv": [13, 6, 14, 7], "rotation": 180, "texture": "#north"},
				"down": {"uv": [13, 12, 14, 13], "rotation": 180, "texture": "#north"}
			}
		},
		{
			"from": [12, 10, 16],
			"to": [14, 11, 16.5],
			"rotation": {"angle": 0, "axis": "y", "origin": [12, 7, 17]},
			"faces": {
				"north": {"uv": [12, 5, 14, 6], "texture": "#north"},
				"east": {"uv": [13, 5, 14, 6], "texture": "#north"},
				"south": {"uv": [12, 5, 14, 6], "texture": "#north"},
				"west": {"uv": [12, 5, 13, 6], "texture": "#north"},
				"up": {"uv": [12, 5, 14, 6], "rotation": 180, "texture": "#north"},
				"down": {"uv": [0, 0, 2, 1], "rotation": 180, "texture": "#missing"}
			}
		},
		{
			"from": [11, 12, 16],
			"to": [13, 13, 16.5],
			"rotation": {"angle": 0, "axis": "y", "origin": [12, 7, 17]},
			"faces": {
				"north": {"uv": [11, 3, 13, 4], "texture": "#north"},
				"east": {"uv": [12, 3, 13, 4], "texture": "#north"},
				"south": {"uv": [11, 3, 13, 4], "texture": "#north"},
				"west": {"uv": [11, 3, 12, 4], "texture": "#north"},
				"up": {"uv": [11, 3, 13, 4], "rotation": 180, "texture": "#north"},
				"down": {"uv": [11, 3, 13, 4], "rotation": 180, "texture": "#north"}
			}
		},
		{
			"from": [13, 11, 16],
			"to": [14, 13, 16.5],
			"rotation": {"angle": 0, "axis": "y", "origin": [12, 7, 17]},
			"faces": {
				"north": {"uv": [13, 3, 14, 5], "texture": "#north"},
				"east": {"uv": [13, 3, 14, 5], "texture": "#north"},
				"south": {"uv": [13, 3, 14, 5], "texture": "#north"},
				"west": {"uv": [13, 3, 14, 5], "texture": "#north"},
				"up": {"uv": [13, 3, 14, 4], "rotation": 180, "texture": "#north"},
				"down": {"uv": [13, 4, 14, 5], "rotation": 180, "texture": "#north"}
			}
		},
		{
			"from": [11, 10, 16],
			"to": [12, 12, 16.5],
			"rotation": {"angle": 0, "axis": "y", "origin": [12, 7, 17]},
			"faces": {
				"north": {"uv": [11, 4, 12, 6], "texture": "#north"},
				"east": {"uv": [11, 4, 12, 6], "texture": "#north"},
				"south": {"uv": [11, 4, 12, 6], "texture": "#north"},
				"west": {"uv": [11, 4, 12, 6], "texture": "#north"},
				"up": {"uv": [11, 4, 12, 5], "rotation": 180, "texture": "#north"},
				"down": {"uv": [11, 5, 12, 6], "rotation": 180, "texture": "#north"}
			}
		},
		{
			"from": [16, 9, 10],
			"to": [16.5, 11, 11],
			"rotation": {"angle": 0, "axis": "y", "origin": [24, 17, 18]},
			"faces": {
				"north": {"uv": [5, 5, 6, 7], "texture": "#south"},
				"east": {"uv": [5, 5, 6, 7], "texture": "#south"},
				"south": {"uv": [5, 5, 6, 7], "texture": "#south"},
				"west": {"uv": [5, 5, 6, 7], "texture": "#south"},
				"up": {"uv": [5, 5, 6, 6], "texture": "#south"},
				"down": {"uv": [5, 6, 6, 7], "texture": "#south"}
			}
		},
		{
			"from": [16, 9, 12],
			"to": [16.5, 11, 13],
			"rotation": {"angle": 0, "axis": "y", "origin": [24, 17, 20]},
			"faces": {
				"north": {"uv": [5, 5, 6, 7], "texture": "#south"},
				"east": {"uv": [5, 5, 6, 7], "texture": "#south"},
				"south": {"uv": [5, 5, 6, 7], "texture": "#south"},
				"west": {"uv": [5, 5, 6, 7], "texture": "#south"},
				"up": {"uv": [5, 5, 6, 6], "texture": "#south"},
				"down": {"uv": [5, 6, 6, 7], "texture": "#south"}
			}
		},
		{
			"from": [16, 6, 12],
			"to": [16.5, 8, 13],
			"rotation": {"angle": 0, "axis": "y", "origin": [24, 14, 20]},
			"faces": {
				"north": {"uv": [5, 8, 6, 10], "texture": "#south"},
				"east": {"uv": [5, 8, 6, 10], "texture": "#south"},
				"south": {"uv": [5, 8, 6, 10], "texture": "#south"},
				"west": {"uv": [5, 8, 6, 10], "texture": "#south"},
				"up": {"uv": [5, 8, 6, 9], "texture": "#south"},
				"down": {"uv": [5, 9, 6, 10], "texture": "#south"}
			}
		},
		{
			"from": [16, 8, 11],
			"to": [16.5, 9, 12],
			"rotation": {"angle": 0, "axis": "y", "origin": [24, 16, 19]},
			"faces": {
				"north": {"uv": [4, 7, 5, 8], "texture": "#south"},
				"east": {"uv": [4, 7, 5, 8], "texture": "#south"},
				"south": {"uv": [4, 7, 5, 8], "texture": "#south"},
				"west": {"uv": [4, 7, 5, 8], "texture": "#south"},
				"up": {"uv": [4, 7, 5, 8], "texture": "#south"},
				"down": {"uv": [4, 7, 5, 8], "texture": "#south"}
			}
		},
		{
			"from": [16, 6, 10],
			"to": [16.5, 8, 11],
			"rotation": {"angle": 0, "axis": "y", "origin": [24, 14, 18]},
			"faces": {
				"north": {"uv": [5, 8, 6, 10], "texture": "#south"},
				"east": {"uv": [5, 8, 6, 10], "texture": "#south"},
				"south": {"uv": [5, 8, 6, 10], "texture": "#south"},
				"west": {"uv": [5, 8, 6, 10], "texture": "#south"},
				"up": {"uv": [5, 8, 6, 9], "texture": "#south"},
				"down": {"uv": [5, 9, 6, 10], "texture": "#south"}
			}
		},
		{
			"from": [-0.5, 6, 3],
			"to": [0, 8, 4],
			"rotation": {"angle": 0, "axis": "y", "origin": [8, 14, 11]},
			"faces": {
				"north": {"uv": [5, 8, 6, 10], "texture": "#south"},
				"east": {"uv": [5, 8, 6, 10], "texture": "#south"},
				"south": {"uv": [5, 8, 6, 10], "texture": "#south"},
				"west": {"uv": [5, 8, 6, 10], "texture": "#south"},
				"up": {"uv": [5, 8, 6, 9], "texture": "#south"},
				"down": {"uv": [5, 9, 6, 10], "texture": "#south"}
			}
		},
		{
			"from": [-0.5, 6, 5],
			"to": [0, 8, 6],
			"rotation": {"angle": 0, "axis": "y", "origin": [8, 14, 13]},
			"faces": {
				"north": {"uv": [5, 8, 6, 10], "texture": "#south"},
				"east": {"uv": [5, 8, 6, 10], "texture": "#south"},
				"south": {"uv": [5, 8, 6, 10], "texture": "#south"},
				"west": {"uv": [5, 8, 6, 10], "texture": "#south"},
				"up": {"uv": [5, 8, 6, 9], "texture": "#south"},
				"down": {"uv": [5, 9, 6, 10], "texture": "#south"}
			}
		},
		{
			"from": [-0.5, 8, 4],
			"to": [0, 9, 5],
			"rotation": {"angle": 0, "axis": "y", "origin": [8, 16, 12]},
			"faces": {
				"north": {"uv": [4, 7, 5, 8], "texture": "#south"},
				"east": {"uv": [4, 7, 5, 8], "texture": "#south"},
				"south": {"uv": [4, 7, 5, 8], "texture": "#south"},
				"west": {"uv": [4, 7, 5, 8], "texture": "#south"},
				"up": {"uv": [4, 7, 5, 8], "texture": "#south"},
				"down": {"uv": [4, 7, 5, 8], "texture": "#south"}
			}
		},
		{
			"from": [-0.5, 9, 3],
			"to": [0, 11, 4],
			"rotation": {"angle": 0, "axis": "y", "origin": [8, 17, 11]},
			"faces": {
				"north": {"uv": [5, 5, 6, 7], "texture": "#south"},
				"east": {"uv": [5, 5, 6, 7], "texture": "#south"},
				"south": {"uv": [5, 5, 6, 7], "texture": "#south"},
				"west": {"uv": [5, 5, 6, 7], "texture": "#south"},
				"up": {"uv": [5, 5, 6, 6], "texture": "#south"},
				"down": {"uv": [5, 6, 6, 7], "texture": "#south"}
			}
		},
		{
			"from": [-0.5, 9, 5],
			"to": [0, 11, 6],
			"rotation": {"angle": 0, "axis": "y", "origin": [8, 17, 13]},
			"faces": {
				"north": {"uv": [5, 5, 6, 7], "texture": "#south"},
				"east": {"uv": [5, 5, 6, 7], "texture": "#south"},
				"south": {"uv": [5, 5, 6, 7], "texture": "#south"},
				"west": {"uv": [5, 5, 6, 7], "texture": "#south"},
				"up": {"uv": [5, 5, 6, 6], "texture": "#south"},
				"down": {"uv": [5, 6, 6, 7], "texture": "#south"}
			}
		},
		{
			"from": [0, 16, 4],
			"to": [1, 16.2, 5],
			"rotation": {"angle": 0, "axis": "y", "origin": [8, 24, 12]},
			"faces": {
				"north": {"uv": [0, 4, 1, 5], "texture": "#up"},
				"east": {"uv": [0, 4, 1, 5], "texture": "#up"},
				"south": {"uv": [0, 4, 1, 5], "texture": "#up"},
				"west": {"uv": [0, 4, 1, 5], "texture": "#up"},
				"up": {"uv": [0, 4, 1, 5], "texture": "#up"},
				"down": {"uv": [0, 4, 1, 5], "texture": "#up"}
			}
		},
		{
			"from": [0, 16, 3],
			"to": [1, 16.3, 4],
			"rotation": {"angle": 0, "axis": "y", "origin": [8, 24, 11]},
			"faces": {
				"north": {"uv": [0, 3, 1, 4], "texture": "#up"},
				"east": {"uv": [0, 3, 1, 4], "texture": "#up"},
				"south": {"uv": [0, 3, 1, 4], "texture": "#up"},
				"west": {"uv": [0, 3, 1, 4], "texture": "#up"},
				"up": {"uv": [0, 3, 1, 4], "texture": "#up"},
				"down": {"uv": [0, 3, 1, 4], "texture": "#up"}
			}
		},
		{
			"from": [0, 16, 2],
			"to": [1, 16.3, 3],
			"rotation": {"angle": 0, "axis": "y", "origin": [8, 24, 10]},
			"faces": {
				"north": {"uv": [0, 2, 1, 3], "texture": "#up"},
				"east": {"uv": [0, 2, 1, 3], "texture": "#up"},
				"south": {"uv": [0, 2, 1, 3], "texture": "#up"},
				"west": {"uv": [0, 2, 1, 3], "texture": "#up"},
				"up": {"uv": [0, 2, 1, 3], "texture": "#up"},
				"down": {"uv": [0, 2, 1, 3], "texture": "#up"}
			}
		},
		{
			"from": [0, 16, 1],
			"to": [1, 16.3, 2],
			"rotation": {"angle": 0, "axis": "y", "origin": [8, 24, 9]},
			"faces": {
				"north": {"uv": [0, 1, 1, 2], "texture": "#up"},
				"east": {"uv": [0, 1, 1, 2], "texture": "#up"},
				"south": {"uv": [0, 1, 1, 2], "texture": "#up"},
				"west": {"uv": [0, 1, 1, 2], "texture": "#up"},
				"up": {"uv": [0, 1, 1, 2], "texture": "#up"},
				"down": {"uv": [0, 1, 1, 2], "texture": "#up"}
			}
		},
		{
			"from": [0, 16, 0],
			"to": [1, 16.3, 1],
			"rotation": {"angle": 0, "axis": "y", "origin": [8, 24, 8]},
			"faces": {
				"north": {"uv": [0, 0, 1, 1], "texture": "#up"},
				"east": {"uv": [0, 0, 1, 1], "texture": "#up"},
				"south": {"uv": [0, 0, 1, 1], "texture": "#up"},
				"west": {"uv": [0, 0, 1, 1], "texture": "#up"},
				"up": {"uv": [0, 0, 1, 1], "texture": "#up"},
				"down": {"uv": [0, 0, 1, 1], "texture": "#up"}
			}
		},
		{
			"from": [1, 16, 0],
			"to": [2, 16.3, 1],
			"rotation": {"angle": 0, "axis": "y", "origin": [9, 24, 8]},
			"faces": {
				"north": {"uv": [1, 0, 2, 1], "texture": "#up"},
				"east": {"uv": [1, 0, 2, 1], "texture": "#up"},
				"south": {"uv": [1, 0, 2, 1], "texture": "#up"},
				"west": {"uv": [1, 0, 2, 1], "texture": "#up"},
				"up": {"uv": [1, 0, 2, 1], "texture": "#up"},
				"down": {"uv": [1, 0, 2, 1], "texture": "#up"}
			}
		},
		{
			"from": [2, 16, 0],
			"to": [3, 16.3, 1],
			"rotation": {"angle": 0, "axis": "y", "origin": [10, 24, 8]},
			"faces": {
				"north": {"uv": [2, 0, 3, 1], "texture": "#up"},
				"east": {"uv": [2, 0, 3, 1], "texture": "#up"},
				"south": {"uv": [2, 0, 3, 1], "texture": "#up"},
				"west": {"uv": [2, 0, 3, 1], "texture": "#up"},
				"up": {"uv": [2, 0, 3, 1], "texture": "#up"},
				"down": {"uv": [2, 0, 3, 1], "texture": "#up"}
			}
		},
		{
			"from": [3, 16, 0],
			"to": [4, 16.3, 1],
			"rotation": {"angle": 0, "axis": "y", "origin": [11, 24, 8]},
			"faces": {
				"north": {"uv": [3, 0, 4, 1], "texture": "#up"},
				"east": {"uv": [3, 0, 4, 1], "texture": "#up"},
				"south": {"uv": [3, 0, 4, 1], "texture": "#up"},
				"west": {"uv": [3, 0, 4, 1], "texture": "#up"},
				"up": {"uv": [3, 0, 4, 1], "texture": "#up"},
				"down": {"uv": [3, 0, 4, 1], "texture": "#up"}
			}
		},
		{
			"from": [4, 16, 0],
			"to": [5, 16.2, 1],
			"rotation": {"angle": 0, "axis": "y", "origin": [12, 24, 8]},
			"faces": {
				"north": {"uv": [4, 0, 5, 1], "texture": "#up"},
				"east": {"uv": [4, 0, 5, 1], "texture": "#up"},
				"south": {"uv": [4, 0, 5, 1], "texture": "#up"},
				"west": {"uv": [4, 0, 5, 1], "texture": "#up"},
				"up": {"uv": [4, 0, 5, 1], "texture": "#up"},
				"down": {"uv": [4, 0, 5, 1], "texture": "#up"}
			}
		},
		{
			"from": [2, 16, 2],
			"to": [3, 16.2, 3],
			"rotation": {"angle": 0, "axis": "y", "origin": [10, 24, 10]},
			"faces": {
				"north": {"uv": [2, 2, 3, 3], "texture": "#up"},
				"east": {"uv": [2, 2, 3, 3], "texture": "#up"},
				"south": {"uv": [2, 2, 3, 3], "texture": "#up"},
				"west": {"uv": [2, 2, 3, 3], "texture": "#up"},
				"up": {"uv": [2, 2, 3, 3], "texture": "#up"},
				"down": {"uv": [2, 2, 3, 3], "texture": "#up"}
			}
		},
		{
			"from": [3, 16, 1],
			"to": [4, 16.2, 2],
			"rotation": {"angle": 0, "axis": "y", "origin": [11, 24, 9]},
			"faces": {
				"north": {"uv": [3, 1, 4, 2], "texture": "#up"},
				"east": {"uv": [3, 1, 4, 2], "texture": "#up"},
				"south": {"uv": [3, 1, 4, 2], "texture": "#up"},
				"west": {"uv": [3, 1, 4, 2], "texture": "#up"},
				"up": {"uv": [3, 1, 4, 2], "texture": "#up"},
				"down": {"uv": [3, 1, 4, 2], "texture": "#up"}
			}
		},
		{
			"from": [1, 16, 3],
			"to": [2, 16.2, 4],
			"rotation": {"angle": 0, "axis": "y", "origin": [9, 24, 11]},
			"faces": {
				"north": {"uv": [1, 3, 2, 4], "texture": "#up"},
				"east": {"uv": [1, 3, 2, 4], "texture": "#up"},
				"south": {"uv": [1, 3, 2, 4], "texture": "#up"},
				"west": {"uv": [1, 3, 2, 4], "texture": "#up"},
				"up": {"uv": [1, 3, 2, 4], "texture": "#up"},
				"down": {"uv": [1, 3, 2, 4], "texture": "#up"}
			}
		},
		{
			"from": [4, 16, 15],
			"to": [5, 16.2, 16],
			"rotation": {"angle": 0, "axis": "y", "origin": [1, 16, 15]},
			"faces": {
				"north": {"uv": [0, 4, 1, 5], "texture": "#up"},
				"east": {"uv": [0, 4, 1, 5], "texture": "#up"},
				"south": {"uv": [0, 4, 1, 5], "texture": "#up"},
				"west": {"uv": [0, 4, 1, 5], "texture": "#up"},
				"up": {"uv": [0, 4, 1, 5], "rotation": 270, "texture": "#up"},
				"down": {"uv": [0, 4, 1, 5], "rotation": 90, "texture": "#up"}
			}
		},
		{
			"from": [3, 16, 15],
			"to": [4, 16.3, 16],
			"rotation": {"angle": 0, "axis": "y", "origin": [1, 16, 15]},
			"faces": {
				"north": {"uv": [0, 3, 1, 4], "texture": "#up"},
				"east": {"uv": [0, 3, 1, 4], "texture": "#up"},
				"south": {"uv": [0, 3, 1, 4], "texture": "#up"},
				"west": {"uv": [0, 3, 1, 4], "texture": "#up"},
				"up": {"uv": [0, 3, 1, 4], "rotation": 270, "texture": "#up"},
				"down": {"uv": [0, 3, 1, 4], "rotation": 90, "texture": "#up"}
			}
		},
		{
			"from": [2, 16, 15],
			"to": [3, 16.3, 16],
			"rotation": {"angle": 0, "axis": "y", "origin": [1, 16, 15]},
			"faces": {
				"north": {"uv": [0, 2, 1, 3], "texture": "#up"},
				"east": {"uv": [0, 2, 1, 3], "texture": "#up"},
				"south": {"uv": [0, 2, 1, 3], "texture": "#up"},
				"west": {"uv": [0, 2, 1, 3], "texture": "#up"},
				"up": {"uv": [0, 2, 1, 3], "rotation": 270, "texture": "#up"},
				"down": {"uv": [0, 2, 1, 3], "rotation": 90, "texture": "#up"}
			}
		},
		{
			"from": [1, 16, 15],
			"to": [2, 16.3, 16],
			"rotation": {"angle": 0, "axis": "y", "origin": [1, 16, 15]},
			"faces": {
				"north": {"uv": [0, 1, 1, 2], "texture": "#up"},
				"east": {"uv": [0, 1, 1, 2], "texture": "#up"},
				"south": {"uv": [0, 1, 1, 2], "texture": "#up"},
				"west": {"uv": [0, 1, 1, 2], "texture": "#up"},
				"up": {"uv": [0, 1, 1, 2], "rotation": 270, "texture": "#up"},
				"down": {"uv": [0, 1, 1, 2], "rotation": 90, "texture": "#up"}
			}
		},
		{
			"from": [0, 16, 15],
			"to": [1, 16.3, 16],
			"rotation": {"angle": 0, "axis": "y", "origin": [1, 16, 15]},
			"faces": {
				"north": {"uv": [0, 0, 1, 1], "texture": "#up"},
				"east": {"uv": [0, 0, 1, 1], "texture": "#up"},
				"south": {"uv": [0, 0, 1, 1], "texture": "#up"},
				"west": {"uv": [0, 0, 1, 1], "texture": "#up"},
				"up": {"uv": [0, 0, 1, 1], "rotation": 270, "texture": "#up"},
				"down": {"uv": [0, 0, 1, 1], "rotation": 90, "texture": "#up"}
			}
		},
		{
			"from": [0, 16, 14],
			"to": [1, 16.3, 15],
			"rotation": {"angle": 0, "axis": "y", "origin": [1, 16, 15]},
			"faces": {
				"north": {"uv": [1, 0, 2, 1], "texture": "#up"},
				"east": {"uv": [1, 0, 2, 1], "texture": "#up"},
				"south": {"uv": [1, 0, 2, 1], "texture": "#up"},
				"west": {"uv": [1, 0, 2, 1], "texture": "#up"},
				"up": {"uv": [1, 0, 2, 1], "rotation": 270, "texture": "#up"},
				"down": {"uv": [1, 0, 2, 1], "rotation": 90, "texture": "#up"}
			}
		},
		{
			"from": [0, 16, 13],
			"to": [1, 16.3, 14],
			"rotation": {"angle": 0, "axis": "y", "origin": [1, 16, 15]},
			"faces": {
				"north": {"uv": [2, 0, 3, 1], "texture": "#up"},
				"east": {"uv": [2, 0, 3, 1], "texture": "#up"},
				"south": {"uv": [2, 0, 3, 1], "texture": "#up"},
				"west": {"uv": [2, 0, 3, 1], "texture": "#up"},
				"up": {"uv": [2, 0, 3, 1], "rotation": 270, "texture": "#up"},
				"down": {"uv": [2, 0, 3, 1], "rotation": 90, "texture": "#up"}
			}
		},
		{
			"from": [0, 16, 12],
			"to": [1, 16.3, 13],
			"rotation": {"angle": 0, "axis": "y", "origin": [1, 16, 15]},
			"faces": {
				"north": {"uv": [3, 0, 4, 1], "texture": "#up"},
				"east": {"uv": [3, 0, 4, 1], "texture": "#up"},
				"south": {"uv": [3, 0, 4, 1], "texture": "#up"},
				"west": {"uv": [3, 0, 4, 1], "texture": "#up"},
				"up": {"uv": [3, 0, 4, 1], "rotation": 270, "texture": "#up"},
				"down": {"uv": [3, 0, 4, 1], "rotation": 90, "texture": "#up"}
			}
		},
		{
			"from": [0, 16, 11],
			"to": [1, 16.2, 12],
			"rotation": {"angle": 0, "axis": "y", "origin": [1, 16, 15]},
			"faces": {
				"north": {"uv": [4, 0, 5, 1], "texture": "#up"},
				"east": {"uv": [4, 0, 5, 1], "texture": "#up"},
				"south": {"uv": [4, 0, 5, 1], "texture": "#up"},
				"west": {"uv": [4, 0, 5, 1], "texture": "#up"},
				"up": {"uv": [4, 0, 5, 1], "rotation": 270, "texture": "#up"},
				"down": {"uv": [4, 0, 5, 1], "rotation": 90, "texture": "#up"}
			}
		},
		{
			"from": [2, 16, 13],
			"to": [3, 16.2, 14],
			"rotation": {"angle": 0, "axis": "y", "origin": [1, 16, 15]},
			"faces": {
				"north": {"uv": [2, 2, 3, 3], "texture": "#up"},
				"east": {"uv": [2, 2, 3, 3], "texture": "#up"},
				"south": {"uv": [2, 2, 3, 3], "texture": "#up"},
				"west": {"uv": [2, 2, 3, 3], "texture": "#up"},
				"up": {"uv": [2, 2, 3, 3], "rotation": 270, "texture": "#up"},
				"down": {"uv": [2, 2, 3, 3], "rotation": 90, "texture": "#up"}
			}
		},
		{
			"from": [1, 16, 12],
			"to": [2, 16.2, 13],
			"rotation": {"angle": 0, "axis": "y", "origin": [1, 16, 15]},
			"faces": {
				"north": {"uv": [3, 1, 4, 2], "texture": "#up"},
				"east": {"uv": [3, 1, 4, 2], "texture": "#up"},
				"south": {"uv": [3, 1, 4, 2], "texture": "#up"},
				"west": {"uv": [3, 1, 4, 2], "texture": "#up"},
				"up": {"uv": [3, 1, 4, 2], "rotation": 270, "texture": "#up"},
				"down": {"uv": [3, 1, 4, 2], "rotation": 90, "texture": "#up"}
			}
		},
		{
			"from": [3, 16, 14],
			"to": [4, 16.2, 15],
			"rotation": {"angle": 0, "axis": "y", "origin": [1, 16, 15]},
			"faces": {
				"north": {"uv": [1, 3, 2, 4], "texture": "#up"},
				"east": {"uv": [1, 3, 2, 4], "texture": "#up"},
				"south": {"uv": [1, 3, 2, 4], "texture": "#up"},
				"west": {"uv": [1, 3, 2, 4], "texture": "#up"},
				"up": {"uv": [1, 3, 2, 4], "rotation": 270, "texture": "#up"},
				"down": {"uv": [1, 3, 2, 4], "rotation": 90, "texture": "#up"}
			}
		},
		{
			"from": [15, 16, 11],
			"to": [16, 16.2, 12],
			"rotation": {"angle": 0, "axis": "y", "origin": [15, 16, 15]},
			"faces": {
				"north": {"uv": [0, 4, 1, 5], "texture": "#up"},
				"east": {"uv": [0, 4, 1, 5], "texture": "#up"},
				"south": {"uv": [0, 4, 1, 5], "texture": "#up"},
				"west": {"uv": [0, 4, 1, 5], "texture": "#up"},
				"up": {"uv": [0, 4, 1, 5], "rotation": 180, "texture": "#up"},
				"down": {"uv": [0, 4, 1, 5], "rotation": 180, "texture": "#up"}
			}
		},
		{
			"from": [15, 16, 12],
			"to": [16, 16.3, 13],
			"rotation": {"angle": 0, "axis": "y", "origin": [15, 16, 15]},
			"faces": {
				"north": {"uv": [0, 3, 1, 4], "texture": "#up"},
				"east": {"uv": [0, 3, 1, 4], "texture": "#up"},
				"south": {"uv": [0, 3, 1, 4], "texture": "#up"},
				"west": {"uv": [0, 3, 1, 4], "texture": "#up"},
				"up": {"uv": [0, 3, 1, 4], "rotation": 180, "texture": "#up"},
				"down": {"uv": [0, 3, 1, 4], "rotation": 180, "texture": "#up"}
			}
		},
		{
			"from": [15, 16, 13],
			"to": [16, 16.3, 14],
			"rotation": {"angle": 0, "axis": "y", "origin": [15, 16, 15]},
			"faces": {
				"north": {"uv": [0, 2, 1, 3], "texture": "#up"},
				"east": {"uv": [0, 2, 1, 3], "texture": "#up"},
				"south": {"uv": [0, 2, 1, 3], "texture": "#up"},
				"west": {"uv": [0, 2, 1, 3], "texture": "#up"},
				"up": {"uv": [0, 2, 1, 3], "rotation": 180, "texture": "#up"},
				"down": {"uv": [0, 2, 1, 3], "rotation": 180, "texture": "#up"}
			}
		},
		{
			"from": [15, 16, 14],
			"to": [16, 16.3, 15],
			"rotation": {"angle": 0, "axis": "y", "origin": [15, 16, 15]},
			"faces": {
				"north": {"uv": [0, 1, 1, 2], "texture": "#up"},
				"east": {"uv": [0, 1, 1, 2], "texture": "#up"},
				"south": {"uv": [0, 1, 1, 2], "texture": "#up"},
				"west": {"uv": [0, 1, 1, 2], "texture": "#up"},
				"up": {"uv": [0, 1, 1, 2], "rotation": 180, "texture": "#up"},
				"down": {"uv": [0, 1, 1, 2], "rotation": 180, "texture": "#up"}
			}
		},
		{
			"from": [15, 16, 15],
			"to": [16, 16.3, 16],
			"rotation": {"angle": 0, "axis": "y", "origin": [15, 16, 15]},
			"faces": {
				"north": {"uv": [0, 0, 1, 1], "texture": "#up"},
				"east": {"uv": [0, 0, 1, 1], "texture": "#up"},
				"south": {"uv": [0, 0, 1, 1], "texture": "#up"},
				"west": {"uv": [0, 0, 1, 1], "texture": "#up"},
				"up": {"uv": [0, 0, 1, 1], "rotation": 180, "texture": "#up"},
				"down": {"uv": [0, 0, 1, 1], "rotation": 180, "texture": "#up"}
			}
		},
		{
			"from": [14, 16, 15],
			"to": [15, 16.3, 16],
			"rotation": {"angle": 0, "axis": "y", "origin": [15, 16, 15]},
			"faces": {
				"north": {"uv": [1, 0, 2, 1], "texture": "#up"},
				"east": {"uv": [1, 0, 2, 1], "texture": "#up"},
				"south": {"uv": [1, 0, 2, 1], "texture": "#up"},
				"west": {"uv": [1, 0, 2, 1], "texture": "#up"},
				"up": {"uv": [1, 0, 2, 1], "rotation": 180, "texture": "#up"},
				"down": {"uv": [1, 0, 2, 1], "rotation": 180, "texture": "#up"}
			}
		},
		{
			"from": [13, 16, 15],
			"to": [14, 16.3, 16],
			"rotation": {"angle": 0, "axis": "y", "origin": [15, 16, 15]},
			"faces": {
				"north": {"uv": [2, 0, 3, 1], "texture": "#up"},
				"east": {"uv": [2, 0, 3, 1], "texture": "#up"},
				"south": {"uv": [2, 0, 3, 1], "texture": "#up"},
				"west": {"uv": [2, 0, 3, 1], "texture": "#up"},
				"up": {"uv": [2, 0, 3, 1], "rotation": 180, "texture": "#up"},
				"down": {"uv": [2, 0, 3, 1], "rotation": 180, "texture": "#up"}
			}
		},
		{
			"from": [12, 16, 15],
			"to": [13, 16.3, 16],
			"rotation": {"angle": 0, "axis": "y", "origin": [15, 16, 15]},
			"faces": {
				"north": {"uv": [3, 0, 4, 1], "texture": "#up"},
				"east": {"uv": [3, 0, 4, 1], "texture": "#up"},
				"south": {"uv": [3, 0, 4, 1], "texture": "#up"},
				"west": {"uv": [3, 0, 4, 1], "texture": "#up"},
				"up": {"uv": [3, 0, 4, 1], "rotation": 180, "texture": "#up"},
				"down": {"uv": [3, 0, 4, 1], "rotation": 180, "texture": "#up"}
			}
		},
		{
			"from": [11, 16, 15],
			"to": [12, 16.2, 16],
			"rotation": {"angle": 0, "axis": "y", "origin": [15, 16, 15]},
			"faces": {
				"north": {"uv": [4, 0, 5, 1], "texture": "#up"},
				"east": {"uv": [4, 0, 5, 1], "texture": "#up"},
				"south": {"uv": [4, 0, 5, 1], "texture": "#up"},
				"west": {"uv": [4, 0, 5, 1], "texture": "#up"},
				"up": {"uv": [4, 0, 5, 1], "rotation": 180, "texture": "#up"},
				"down": {"uv": [4, 0, 5, 1], "rotation": 180, "texture": "#up"}
			}
		},
		{
			"from": [13, 16, 13],
			"to": [14, 16.2, 14],
			"rotation": {"angle": 0, "axis": "y", "origin": [15, 16, 15]},
			"faces": {
				"north": {"uv": [2, 2, 3, 3], "texture": "#up"},
				"east": {"uv": [2, 2, 3, 3], "texture": "#up"},
				"south": {"uv": [2, 2, 3, 3], "texture": "#up"},
				"west": {"uv": [2, 2, 3, 3], "texture": "#up"},
				"up": {"uv": [2, 2, 3, 3], "rotation": 180, "texture": "#up"},
				"down": {"uv": [2, 2, 3, 3], "rotation": 180, "texture": "#up"}
			}
		},
		{
			"from": [12, 16, 14],
			"to": [13, 16.2, 15],
			"rotation": {"angle": 0, "axis": "y", "origin": [15, 16, 15]},
			"faces": {
				"north": {"uv": [3, 1, 4, 2], "texture": "#up"},
				"east": {"uv": [3, 1, 4, 2], "texture": "#up"},
				"south": {"uv": [3, 1, 4, 2], "texture": "#up"},
				"west": {"uv": [3, 1, 4, 2], "texture": "#up"},
				"up": {"uv": [3, 1, 4, 2], "rotation": 180, "texture": "#up"},
				"down": {"uv": [3, 1, 4, 2], "rotation": 180, "texture": "#up"}
			}
		},
		{
			"from": [14, 16, 12],
			"to": [15, 16.2, 13],
			"rotation": {"angle": 0, "axis": "y", "origin": [15, 16, 15]},
			"faces": {
				"north": {"uv": [1, 3, 2, 4], "texture": "#up"},
				"east": {"uv": [1, 3, 2, 4], "texture": "#up"},
				"south": {"uv": [1, 3, 2, 4], "texture": "#up"},
				"west": {"uv": [1, 3, 2, 4], "texture": "#up"},
				"up": {"uv": [1, 3, 2, 4], "rotation": 180, "texture": "#up"},
				"down": {"uv": [1, 3, 2, 4], "rotation": 180, "texture": "#up"}
			}
		},
		{
			"from": [11, 16, 0],
			"to": [12, 16.2, 1],
			"rotation": {"angle": 0, "axis": "y", "origin": [15, 16, 1]},
			"faces": {
				"north": {"uv": [0, 4, 1, 5], "texture": "#up"},
				"east": {"uv": [0, 4, 1, 5], "texture": "#up"},
				"south": {"uv": [0, 4, 1, 5], "texture": "#up"},
				"west": {"uv": [0, 4, 1, 5], "texture": "#up"},
				"up": {"uv": [0, 4, 1, 5], "rotation": 90, "texture": "#up"},
				"down": {"uv": [0, 4, 1, 5], "rotation": 270, "texture": "#up"}
			}
		},
		{
			"from": [12, 16, 0],
			"to": [13, 16.3, 1],
			"rotation": {"angle": 0, "axis": "y", "origin": [15, 16, 1]},
			"faces": {
				"north": {"uv": [0, 3, 1, 4], "texture": "#up"},
				"east": {"uv": [0, 3, 1, 4], "texture": "#up"},
				"south": {"uv": [0, 3, 1, 4], "texture": "#up"},
				"west": {"uv": [0, 3, 1, 4], "texture": "#up"},
				"up": {"uv": [0, 3, 1, 4], "rotation": 90, "texture": "#up"},
				"down": {"uv": [0, 3, 1, 4], "rotation": 270, "texture": "#up"}
			}
		},
		{
			"from": [13, 16, 0],
			"to": [14, 16.3, 1],
			"rotation": {"angle": 0, "axis": "y", "origin": [15, 16, 1]},
			"faces": {
				"north": {"uv": [0, 2, 1, 3], "texture": "#up"},
				"east": {"uv": [0, 2, 1, 3], "texture": "#up"},
				"south": {"uv": [0, 2, 1, 3], "texture": "#up"},
				"west": {"uv": [0, 2, 1, 3], "texture": "#up"},
				"up": {"uv": [0, 2, 1, 3], "rotation": 90, "texture": "#up"},
				"down": {"uv": [0, 2, 1, 3], "rotation": 270, "texture": "#up"}
			}
		},
		{
			"from": [14, 16, 0],
			"to": [15, 16.3, 1],
			"rotation": {"angle": 0, "axis": "y", "origin": [15, 16, 1]},
			"faces": {
				"north": {"uv": [0, 1, 1, 2], "texture": "#up"},
				"east": {"uv": [0, 1, 1, 2], "texture": "#up"},
				"south": {"uv": [0, 1, 1, 2], "texture": "#up"},
				"west": {"uv": [0, 1, 1, 2], "texture": "#up"},
				"up": {"uv": [0, 1, 1, 2], "rotation": 90, "texture": "#up"},
				"down": {"uv": [0, 1, 1, 2], "rotation": 270, "texture": "#up"}
			}
		},
		{
			"from": [15, 16, 0],
			"to": [16, 16.3, 1],
			"rotation": {"angle": 0, "axis": "y", "origin": [15, 16, 1]},
			"faces": {
				"north": {"uv": [0, 0, 1, 1], "texture": "#up"},
				"east": {"uv": [0, 0, 1, 1], "texture": "#up"},
				"south": {"uv": [0, 0, 1, 1], "texture": "#up"},
				"west": {"uv": [0, 0, 1, 1], "texture": "#up"},
				"up": {"uv": [0, 0, 1, 1], "rotation": 90, "texture": "#up"},
				"down": {"uv": [0, 0, 1, 1], "rotation": 270, "texture": "#up"}
			}
		},
		{
			"from": [15, 16, 1],
			"to": [16, 16.3, 2],
			"rotation": {"angle": 0, "axis": "y", "origin": [15, 16, 1]},
			"faces": {
				"north": {"uv": [1, 0, 2, 1], "texture": "#up"},
				"east": {"uv": [1, 0, 2, 1], "texture": "#up"},
				"south": {"uv": [1, 0, 2, 1], "texture": "#up"},
				"west": {"uv": [1, 0, 2, 1], "texture": "#up"},
				"up": {"uv": [1, 0, 2, 1], "rotation": 90, "texture": "#up"},
				"down": {"uv": [1, 0, 2, 1], "rotation": 270, "texture": "#up"}
			}
		},
		{
			"from": [15, 16, 2],
			"to": [16, 16.3, 3],
			"rotation": {"angle": 0, "axis": "y", "origin": [15, 16, 1]},
			"faces": {
				"north": {"uv": [2, 0, 3, 1], "texture": "#up"},
				"east": {"uv": [2, 0, 3, 1], "texture": "#up"},
				"south": {"uv": [2, 0, 3, 1], "texture": "#up"},
				"west": {"uv": [2, 0, 3, 1], "texture": "#up"},
				"up": {"uv": [2, 0, 3, 1], "rotation": 90, "texture": "#up"},
				"down": {"uv": [2, 0, 3, 1], "rotation": 270, "texture": "#up"}
			}
		},
		{
			"from": [15, 16, 3],
			"to": [16, 16.3, 4],
			"rotation": {"angle": 0, "axis": "y", "origin": [15, 16, 1]},
			"faces": {
				"north": {"uv": [3, 0, 4, 1], "texture": "#up"},
				"east": {"uv": [3, 0, 4, 1], "texture": "#up"},
				"south": {"uv": [3, 0, 4, 1], "texture": "#up"},
				"west": {"uv": [3, 0, 4, 1], "texture": "#up"},
				"up": {"uv": [3, 0, 4, 1], "rotation": 90, "texture": "#up"},
				"down": {"uv": [3, 0, 4, 1], "rotation": 270, "texture": "#up"}
			}
		},
		{
			"from": [15, 16, 4],
			"to": [16, 16.2, 5],
			"rotation": {"angle": 0, "axis": "y", "origin": [15, 16, 1]},
			"faces": {
				"north": {"uv": [4, 0, 5, 1], "texture": "#up"},
				"east": {"uv": [4, 0, 5, 1], "texture": "#up"},
				"south": {"uv": [4, 0, 5, 1], "texture": "#up"},
				"west": {"uv": [4, 0, 5, 1], "texture": "#up"},
				"up": {"uv": [4, 0, 5, 1], "rotation": 90, "texture": "#up"},
				"down": {"uv": [4, 0, 5, 1], "rotation": 270, "texture": "#up"}
			}
		},
		{
			"from": [13, 16, 2],
			"to": [14, 16.2, 3],
			"rotation": {"angle": 0, "axis": "y", "origin": [15, 16, 1]},
			"faces": {
				"north": {"uv": [2, 2, 3, 3], "texture": "#up"},
				"east": {"uv": [2, 2, 3, 3], "texture": "#up"},
				"south": {"uv": [2, 2, 3, 3], "texture": "#up"},
				"west": {"uv": [2, 2, 3, 3], "texture": "#up"},
				"up": {"uv": [2, 2, 3, 3], "rotation": 90, "texture": "#up"},
				"down": {"uv": [2, 2, 3, 3], "rotation": 270, "texture": "#up"}
			}
		},
		{
			"from": [14, 16, 3],
			"to": [15, 16.2, 4],
			"rotation": {"angle": 0, "axis": "y", "origin": [15, 16, 1]},
			"faces": {
				"north": {"uv": [3, 1, 4, 2], "texture": "#up"},
				"east": {"uv": [3, 1, 4, 2], "texture": "#up"},
				"south": {"uv": [3, 1, 4, 2], "texture": "#up"},
				"west": {"uv": [3, 1, 4, 2], "texture": "#up"},
				"up": {"uv": [3, 1, 4, 2], "rotation": 90, "texture": "#up"},
				"down": {"uv": [3, 1, 4, 2], "rotation": 270, "texture": "#up"}
			}
		},
		{
			"from": [12, 16, 1],
			"to": [13, 16.2, 2],
			"rotation": {"angle": 0, "axis": "y", "origin": [15, 16, 1]},
			"faces": {
				"north": {"uv": [1, 3, 2, 4], "texture": "#up"},
				"east": {"uv": [1, 3, 2, 4], "texture": "#up"},
				"south": {"uv": [1, 3, 2, 4], "texture": "#up"},
				"west": {"uv": [1, 3, 2, 4], "texture": "#up"},
				"up": {"uv": [1, 3, 2, 4], "rotation": 90, "texture": "#up"},
				"down": {"uv": [1, 3, 2, 4], "rotation": 270, "texture": "#up"}
			}
		}
	],
	"groups": [0,
		{
			"name": "craft",
			"origin": [14, 24, 15],
			"children": [1, 2, 3, 4, 5, 6, 7, 8, 9, 10, 11, 12]
		},
		{
			"name": "martello sud",
			"origin": [10, 13, 24],
			"children": [13, 14]
		},
		{
			"name": "martello nord",
			"origin": [10, 13, 24],
			"children": [15, 16]
		},
		{
			"name": "sega nord",
			"origin": [8, 8, 8],
			"children": [17, 18, 19, 20, 21, 22, 23]
		},
		{
			"name": "sega sud",
			"origin": [8, 8, 8],
			"children": [24, 25, 26, 27, 28, 29, 30]
		},
		{
			"name": "faccina est",
			"origin": [8, 8, 8],
			"children": [31, 32, 33, 34, 35]
		},
		{
			"name": "faccina ovest",
			"origin": [8, 8, 8],
			"children": [36, 37, 38, 39, 40]
		},
		{
			"name": "group",
			"origin": [9, 24, 11],
			"children": [41, 42, 43, 44, 45, 46, 47, 48, 49, 50, 51, 52]
		},
		{
			"name": "group",
			"origin": [9, 24, 11],
			"children": [53, 54, 55, 56, 57, 58, 59, 60, 61, 62, 63, 64]
		},
		{
			"name": "group",
			"origin": [9, 24, 11],
			"children": [65, 66, 67, 68, 69, 70, 71, 72, 73, 74, 75, 76]
		},
		{
			"name": "group",
			"origin": [9, 24, 11],
			"children": [77, 78, 79, 80, 81, 82, 83, 84, 85, 86, 87, 88]
		}
	]
}