{
	"credit": "Made with Blockbench",
	"parent": "minecraft:block/rail_flat",
	"textures": {
		"rail": "block/detector_rail_on"
	},
	"elements": [
		{
			"from": [2, 0, 0],
			"to": [4, 2, 16],
			"rotation": {"angle": 0, "axis": "y", "origin": [11, 8, 8]},
			"faces": {
				"north": {"uv": [12, 15, 14, 16], "texture": "#rail"},
				"east": {"uv": [3, 0, 4, 1], "texture": "#rail"},
				"south": {"uv": [2, 0, 4, 1], "texture": "#rail"},
				"west": {"uv": [2, 0, 3, 1], "texture": "#rail"},
				"up": {"uv": [2, 0, 4, 16], "texture": "#rail"},
				"down": {"uv": [2, 0, 4, 16], "texture": "#rail"}
			}
		},
		{
			"from": [12, 0, 0],
			"to": [14, 2, 16],
			"rotation": {"angle": 0, "axis": "y", "origin": [5, 8, 8]},
			"faces": {
				"north": {"uv": [14, 15, 12, 16], "texture": "#rail"},
				"east": {"uv": [3, 0, 2, 1], "texture": "#rail"},
				"south": {"uv": [4, 0, 2, 1], "texture": "#rail"},
				"west": {"uv": [4, 0, 3, 1], "texture": "#rail"},
				"up": {"uv": [4, 0, 2, 16], "texture": "#rail"},
				"down": {"uv": [4, 0, 2, 16], "texture": "#rail"}
			}
		},
		{
			"from": [1, 0, 1],
			"to": [2, 1, 3],
			"rotation": {"angle": 0, "axis": "y", "origin": [8, 8, 9]},
			"faces": {
				"north": {"uv": [1, 5, 2, 6], "texture": "#rail"},
				"east": {"uv": [9, 1, 11, 2], "texture": "#rail"},
				"south": {"uv": [1, 6, 2, 7], "texture": "#rail"},
				"west": {"uv": [10, 1, 12, 2], "texture": "#rail"},
				"up": {"uv": [1, 5, 2, 7], "texture": "#rail"},
				"down": {"uv": [1, 5, 2, 7], "texture": "#rail"}
			}
		},
		{
			"from": [14, 0, 1],
			"to": [15, 1, 3],
			"rotation": {"angle": 0, "axis": "y", "origin": [21, 8, 9]},
			"faces": {
				"north": {"uv": [1, 5, 2, 6], "texture": "#rail"},
				"east": {"uv": [9, 1, 11, 2], "texture": "#rail"},
				"south": {"uv": [1, 6, 2, 7], "texture": "#rail"},
				"west": {"uv": [10, 1, 12, 2], "texture": "#rail"},
				"up": {"uv": [1, 5, 2, 7], "texture": "#rail"},
				"down": {"uv": [1, 5, 2, 7], "texture": "#rail"}
			}
		},
		{
			"from": [1, 0, 5],
			"to": [2, 1, 7],
			"rotation": {"angle": 0, "axis": "y", "origin": [8, 8, 13]},
			"faces": {
				"north": {"uv": [1, 5, 2, 6], "texture": "#rail"},
				"east": {"uv": [9, 1, 11, 2], "texture": "#rail"},
				"south": {"uv": [1, 6, 2, 7], "texture": "#rail"},
				"west": {"uv": [10, 1, 12, 2], "texture": "#rail"},
				"up": {"uv": [1, 5, 2, 7], "texture": "#rail"},
				"down": {"uv": [1, 5, 2, 7], "texture": "#rail"}
			}
		},
		{
			"from": [14, 0, 5],
			"to": [15, 1, 7],
			"rotation": {"angle": 0, "axis": "y", "origin": [21, 8, 13]},
			"faces": {
				"north": {"uv": [1, 5, 2, 6], "texture": "#rail"},
				"east": {"uv": [9, 1, 11, 2], "texture": "#rail"},
				"south": {"uv": [1, 6, 2, 7], "texture": "#rail"},
				"west": {"uv": [10, 1, 12, 2], "texture": "#rail"},
				"up": {"uv": [1, 5, 2, 7], "texture": "#rail"},
				"down": {"uv": [1, 5, 2, 7], "texture": "#rail"}
			}
		},
		{
			"from": [1, 0, 9],
			"to": [2, 1, 11],
			"rotation": {"angle": 0, "axis": "y", "origin": [8, 8, 17]},
			"faces": {
				"north": {"uv": [1, 5, 2, 6], "texture": "#rail"},
				"east": {"uv": [9, 1, 11, 2], "texture": "#rail"},
				"south": {"uv": [1, 6, 2, 7], "texture": "#rail"},
				"west": {"uv": [10, 1, 12, 2], "texture": "#rail"},
				"up": {"uv": [1, 5, 2, 7], "texture": "#rail"},
				"down": {"uv": [1, 5, 2, 7], "texture": "#rail"}
			}
		},
		{
			"from": [14, 0, 9],
			"to": [15, 1, 11],
			"rotation": {"angle": 0, "axis": "y", "origin": [21, 8, 17]},
			"faces": {
				"north": {"uv": [1, 5, 2, 6], "texture": "#rail"},
				"east": {"uv": [9, 1, 11, 2], "texture": "#rail"},
				"south": {"uv": [1, 6, 2, 7], "texture": "#rail"},
				"west": {"uv": [10, 1, 12, 2], "texture": "#rail"},
				"up": {"uv": [1, 5, 2, 7], "texture": "#rail"},
				"down": {"uv": [1, 5, 2, 7], "texture": "#rail"}
			}
		},
		{
			"from": [1, 0, 13],
			"to": [2, 1, 15],
			"rotation": {"angle": 0, "axis": "y", "origin": [8, 8, 21]},
			"faces": {
				"north": {"uv": [1, 5, 2, 6], "texture": "#rail"},
				"east": {"uv": [9, 1, 11, 2], "texture": "#rail"},
				"south": {"uv": [1, 6, 2, 7], "texture": "#rail"},
				"west": {"uv": [10, 1, 12, 2], "texture": "#rail"},
				"up": {"uv": [1, 5, 2, 7], "texture": "#rail"},
				"down": {"uv": [1, 5, 2, 7], "texture": "#rail"}
			}
		},
		{
			"from": [14, 0, 13],
			"to": [15, 1, 15],
			"rotation": {"angle": 0, "axis": "y", "origin": [21, 8, 21]},
			"faces": {
				"north": {"uv": [1, 5, 2, 6], "texture": "#rail"},
				"east": {"uv": [9, 1, 11, 2], "texture": "#rail"},
				"south": {"uv": [1, 6, 2, 7], "texture": "#rail"},
				"west": {"uv": [10, 1, 12, 2], "texture": "#rail"},
				"up": {"uv": [1, 5, 2, 7], "texture": "#rail"},
				"down": {"uv": [1, 5, 2, 7], "texture": "#rail"}
			}
		},
		{
			"from": [4, 0, 13],
			"to": [12, 1, 15],
			"rotation": {"angle": 0, "axis": "y", "origin": [18, 8, 21]},
			"faces": {
				"north": {"uv": [4, 1, 12, 2], "texture": "#rail"},
				"east": {"uv": [4, 1, 6, 2], "texture": "#rail"},
				"south": {"uv": [4, 2, 12, 3], "texture": "#rail"},
				"west": {"uv": [4, 1, 6, 2], "texture": "#rail"},
				"up": {"uv": [4, 1, 12, 3], "texture": "#rail"},
				"down": {"uv": [4, 1, 12, 3], "texture": "#rail"}
			}
		},
		{
			"from": [4, 0, 1],
			"to": [12, 1, 3],
			"rotation": {"angle": 0, "axis": "y", "origin": [18, 8, 9]},
			"faces": {
				"north": {"uv": [4, 14, 12, 15], "texture": "#rail"},
				"east": {"uv": [4, 9, 6, 10], "texture": "#rail"},
				"south": {"uv": [4, 14, 12, 15], "texture": "#rail"},
				"west": {"uv": [4, 9, 6, 10], "texture": "#rail"},
				"up": {"uv": [4, 13, 12, 15], "texture": "#rail"},
				"down": {"uv": [4, 13, 12, 15], "texture": "#rail"}
			}
		},
		{
			"from": [4, 0, 5],
			"to": [5, 1, 7],
			"rotation": {"angle": 0, "axis": "y", "origin": [12, 8, 13]},
			"faces": {
				"north": {"uv": [11, 9, 12, 10], "texture": "#rail"},
				"east": {"uv": [9, 1, 11, 2], "texture": "#rail"},
				"south": {"uv": [11, 10, 12, 11], "texture": "#rail"},
				"west": {"uv": [9, 1, 11, 2], "texture": "#rail"},
				"up": {"uv": [11, 9, 12, 11], "texture": "#rail"},
				"down": {"uv": [11, 9, 12, 11], "texture": "#rail"}
			}
		},
		{
			"from": [4, 0, 9],
			"to": [5, 1, 11],
			"rotation": {"angle": 0, "axis": "y", "origin": [12, 8, 17]},
			"faces": {
				"north": {"uv": [11, 9, 12, 10], "texture": "#rail"},
				"east": {"uv": [9, 1, 11, 2], "texture": "#rail"},
				"south": {"uv": [11, 10, 12, 11], "texture": "#rail"},
				"west": {"uv": [9, 1, 11, 2], "texture": "#rail"},
				"up": {"uv": [11, 9, 12, 11], "texture": "#rail"},
				"down": {"uv": [11, 9, 12, 11], "texture": "#rail"}
			}
		},
		{
			"from": [11, 0, 9],
			"to": [12, 1, 11],
			"rotation": {"angle": 0, "axis": "y", "origin": [19, 8, 17]},
			"faces": {
				"north": {"uv": [11, 9, 12, 10], "texture": "#rail"},
				"east": {"uv": [9, 1, 11, 2], "texture": "#rail"},
				"south": {"uv": [11, 10, 12, 11], "texture": "#rail"},
				"west": {"uv": [9, 1, 11, 2], "texture": "#rail"},
				"up": {"uv": [11, 9, 12, 11], "texture": "#rail"},
				"down": {"uv": [11, 9, 12, 11], "texture": "#rail"}
			}
		},
		{
			"from": [11, 0, 5],
			"to": [12, 1, 7],
			"rotation": {"angle": 0, "axis": "y", "origin": [19, 8, 13]},
			"faces": {
				"north": {"uv": [11, 9, 12, 10], "texture": "#rail"},
				"east": {"uv": [9, 1, 11, 2], "texture": "#rail"},
				"south": {"uv": [11, 10, 12, 11], "texture": "#rail"},
				"west": {"uv": [9, 1, 11, 2], "texture": "#rail"},
				"up": {"uv": [11, 9, 12, 11], "texture": "#rail"},
				"down": {"uv": [11, 9, 12, 11], "texture": "#rail"}
			}
		},
		{
			"from": [5, 0, 5],
			"to": [11, 1, 11],
			"rotation": {"angle": 0, "axis": "y", "origin": [18, 8, 13]},
			"faces": {
				"north": {"uv": [5, 10, 11, 11], "texture": "#rail"},
				"east": {"uv": [5, 5, 11, 6], "texture": "#rail"},
				"south": {"uv": [5, 5, 11, 6], "texture": "#rail"},
				"west": {"uv": [5, 10, 11, 11], "texture": "#rail"},
				"up": {"uv": [5, 5, 11, 11], "texture": "#rail"},
				"down": {"uv": [5, 5, 11, 11], "texture": "#rail"}
			}
		}
	]
}